-- 插入患者数据
INSERT INTO patient (id, name, idCard, password, gender, phone, birthday, email, emergencyContact)
VALUES
    ('patient330102199001011234', '张三', '330102199001011234', 'pass123', 'male', '13800138000', '1990-01-01', 'zhangsan@example.com', '13900139000'),
    ('patient330103199102022345', '李四', '330103199102022345', 'pass456', 'female', '13900139000', '1991-02-02', 'lisi@example.com', '13700137000'),
    ('patient330104198503033456', '王五', '330104198503033456', 'pass789', 'male', '13700137000', '1985-03-03', 'wangwu@example.com', '13600136000'),
    ('patient330105199504044567', '赵六', '330105199504044567', 'pass012', 'female', '13600136000', '1995-04-04', 'zhaoliu@example.com', '13800138000'),
    ('patient330106200005055678', '钱七', '330106200005055678', 'pass345', 'male', '13500135000', '2000-05-05', 'qianqi@example.com', '13400134000'),
    ('patient330107199607066789', '孙八', '330107199607066789', 'pass678', 'female', '13400134000', '1996-07-06', 'sunba@example.com', '13700137000'),
    ('patient330108199201077890', '周九', '330108199201077890', 'pass901', 'male', '13800138000', '1992-01-07', 'zhoujiu@example.com', '13900139000'),
    ('patient330109199303088901', '吴十', '330109199303088901', 'pass234', 'female', '13900139000', '1993-03-08', 'wushi@example.com', '13600136000'),
    ('patient330110200112099012', '郑十一', '330110200112099012', 'pass567', 'male', '13700137000', '2001-12-09', 'zhengshi@example.com', '13500135000'),
    ('patient330111199803100123', '钱十二', '330111199803100123', 'pass890', 'female', '13600136000', '1998-03-10', 'qianshi@example.com', '13400134000'),
    ('patient330112198712111234', '许十三', '330112198712111234', 'pass123', 'male', '13800138000', '1987-12-11', 'xushisan@example.com', '13900139000'),
    ('patient330113200212122345', '刘十四', '330113200212122345', 'pass456', 'female', '13700137000', '2002-12-12', 'liushisi@example.com', '13600136000'),
    ('patient330114198411133456', '黄十五', '330114198411133456', 'pass789', 'male', '13500135000', '1984-11-13', 'huangshiwu@example.com', '13700137000'),
    ('patient330115200001144567', '陈十六', '330115200001144567', 'pass012', 'female', '13900139000', '2000-01-14', 'chenshiliu@example.com', '13800138000'),
    ('patient330116199907155678', '林十七', '330116199907155678', 'pass345', 'male', '13400134000', '1999-07-15', 'linshiqi@example.com', '13900139000'),
    ('patient330117198510166789', '郑十八', '330117198510166789', 'pass678', 'female', '13600136000', '1985-10-16', 'zhengshiba@example.com', '13700137000'),
    ('patient330118199412177890', '高十九', '330118199412177890', 'pass901', 'male', '13800138000', '1994-12-17', 'gaoshiji@example.com', '13500135000'),
    ('patient330119200312188901', '胡二十', '330119200312188901', 'pass234', 'female', '13700137000', '2003-12-18', 'huershi@example.com', '13400134000'),
    ('patient330120198610199012', '李二十一', '330120198610199012', 'pass567', 'male', '13600136000', '1986-10-19', 'liershi@example.com', '13800138000'),
    ('patient330121199711200123', '赵二十二', '330121199711200123', 'pass890', 'female', '13900139000', '1997-11-20', 'zhaoershi@example.com', '13700137000');

-- 插入医生数据
INSERT INTO doctor (id, name, idCard, password, employeeId, department, profile, photo, startTime, endTime, registrationFee, dailyPatientLimit)
VALUES
    ('doctor330201198001016789', '孙医生', '330201198001016789', 'docpass1', 'EMP001', '内科', '资深内科专家，擅长心血管疾病', 'sun.jpg', '08:00:00', '12:00:00', 50.0, 20),
    ('doctor330202198102027890', '周医生', '330202198102027890', 'docpass2', 'EMP002', '外科', '外科手术专家，擅长微创手术', 'zhou.jpg', '13:00:00', '17:00:00', 60.0, 15),
    ('doctor330203198203038901', '吴医生', '330203198203038901', 'docpass3', 'EMP003', '儿科', '儿科主任，擅长儿童常见病', 'wu.jpg', '09:00:00', '16:00:00', 40.0, 25),
    ('doctor330204198304049012', '郑医生', '330204198304049012', 'docpass4', 'EMP004', '妇产科', '妇产科专家，擅长高危妊娠', 'zheng.jpg', '08:30:00', '17:30:00', 70.0, 10),
    ('doctor330205198405050123', '王医生', '330205198405050123', 'docpass5', 'EMP005', '眼科', '眼科主任，擅长白内障手术', 'wang.jpg', '10:00:00', '18:00:00', 55.0, 18),
    ('doctor330206198601061234', '李医生', '330206198601061234', 'docpass6', 'EMP006', '皮肤科', '皮肤科专家，擅长皮肤过敏及色素沉着', 'li.jpg', '08:00:00', '12:00:00', 40.0, 22),
    ('doctor330207198702071345', '刘医生', '330207198702071345', 'docpass7', 'EMP007', '耳鼻喉科', '耳鼻喉科专家，擅长耳聋治疗', 'liu.jpg', '09:00:00', '16:00:00', 45.0, 20),
    ('doctor330208198803081456', '陈医生', '330208198803081456', 'docpass8', 'EMP008', '肿瘤科', '肿瘤科主任，擅长癌症早期筛查', 'chen.jpg', '08:30:00', '17:30:00', 80.0, 12),
    ('doctor330209199001091567', '高医生', '330209199001091567', 'docpass9', 'EMP009', '牙科', '牙科专家，擅长牙齿修复', 'gao.jpg', '10:00:00', '18:00:00', 60.0, 15),
    ('doctor330210199101101678', '张医生', '330210199101101678', 'docpass10', 'EMP010', '神经内科', '神经内科专家，擅长头痛及癫痫治疗', 'zhang.jpg', '08:00:00', '12:00:00', 75.0, 18),
    ('doctor330211198702122789', '黄医生', '330211198702122789', 'docpass11', 'EMP011', '骨科', '骨科专家，擅长脊柱矫形手术', 'huang.jpg', '09:00:00', '17:00:00', 65.0, 20),
    ('doctor330212199302133890', '王医生', '330212199302133890', 'docpass12', 'EMP012', '心理科', '心理科专家，擅长心理咨询与情绪调节', 'wang2.jpg', '08:30:00', '17:30:00', 50.0, 22),
    ('doctor330213199402144901', '赵医生', '330213199402144901', 'docpass13', 'EMP013', '口腔科', '口腔科专家，擅长牙周病治疗', 'zhao.jpg', '09:00:00', '16:00:00', 55.0, 17),
    ('doctor330214198805155012', '钱医生', '330214198805155012', 'docpass14', 'EMP014', '妇产科', '妇产科专家，擅长无痛分娩', 'qian.jpg', '10:00:00', '18:00:00', 70.0, 12),
    ('doctor330215198910160123', '孙医生', '330215198910160123', 'docpass15', 'EMP015', '内科', '内科专家，擅长糖尿病及高血压治疗', 'sun2.jpg', '08:00:00', '12:00:00', 50.0, 20),
    ('doctor330216199512171234', '郑医生', '330216199512171234', 'docpass16', 'EMP016', '外科', '外科专家，擅长腹腔镜手术', 'zheng2.jpg', '09:00:00', '17:00:00', 60.0, 18),
    ('doctor330217198604181345', '李医生', '330217198604181345', 'docpass17', 'EMP017', '皮肤科', '皮肤科专家，擅长痤疮治疗', 'li2.jpg', '08:30:00', '17:30:00', 45.0, 22),
    ('doctor330218198702192456', '周医生', '330218198702192456', 'docpass18', 'EMP018', '眼科', '眼科专家，擅长激光治疗近视', 'zhou2.jpg', '10:00:00', '18:00:00', 55.0, 16),
    ('doctor330219199309203567', '黄医生', '330219199309203567', 'docpass19', 'EMP019', '耳鼻喉科', '耳鼻喉科专家，擅长耳鼻喉常见病治疗', 'huang2.jpg', '08:00:00', '12:00:00', 50.0, 18),
    ('doctor330220199402214678', '吴医生', '330220199402214678', 'docpass20', 'EMP020', '神经内科', '神经内科专家，擅长老年性痴呆的诊断与治疗', 'wu2.jpg', '09:00:00', '17:00:00', 70.0, 15);

-- 插入考勤数据
INSERT INTO attendance (attendanceId, doctorId, attendanceTime)
VALUES
    ('ATT20230501001', 'doctor330201198001016789', '2023-05-01T08:00:00'),
    ('ATT20230501002', 'doctor330202198102027890', '2023-05-01T13:05:00'),
    ('ATT20230502001', 'doctor330201198001016789', '2023-05-02T08:10:00'),
    ('ATT20230502002', 'doctor330203198203038901', '2023-05-02T09:00:00'),
    ('ATT20230503001', 'doctor330204198304049012', '2023-05-03T08:45:00');

-- 插入预约数据
INSERT INTO appointment (appointmentId, doctorId, patientId, date, startTime, endTime, status)
VALUES
    ('APP20230501001', 'doctor330201198001016789', 'patient330102199001011234', '2023-05-10', '09:00:00', '09:30:00', 'completed'),
    ('APP20230501002', 'doctor330202198102027890', 'patient330103199102022345', '2023-05-11', '14:00:00', '14:30:00', 'scheduled'),
    ('APP20230502001', 'doctor330203198203038901', 'patient330104198503033456', '2023-05-12', '10:00:00', '10:30:00', 'completed'),
    ('APP20230502002', 'doctor330204198304049012', 'patient330105199504044567', '2023-05-13', '09:30:00', '10:00:00', 'cancelled'),
    ('APP20230503001', 'doctor330205198405050123', 'patient330106200005055678', '2023-05-14', '11:00:00', '11:30:00', 'completed'),
    ('APP20230511001', 'doctor330201198001016789', 'patient330107199607066789', '2023-05-11', '08:00:00', '08:30:00', 'completed'),
    ('APP20230511002', 'doctor330201198001016789', 'patient330108199201077890', '2023-05-12', '09:00:00', '09:30:00', 'scheduled'),
    ('APP20230512001', 'doctor330201198001016789', 'patient330109199303088901', '2023-05-13', '10:30:00', '11:00:00', 'completed'),
    ('APP20230513001', 'doctor330201198001016789', 'patient330111199803100123', '2023-05-15', '08:30:00', '09:00:00', 'completed'),
    ('APP20230513002', 'doctor330201198001016789', 'patient330112198712111234', '2023-05-16', '11:00:00', '11:30:00', 'scheduled'),
    ('APP20230514001', 'doctor330212199302133890', 'patient330113200212122345', '2023-05-17', '08:00:00', '08:30:00', 'completed'),
    ('APP20230514002', 'doctor330213199402144901', 'patient330114198411133456', '2023-05-18', '13:30:00', '14:00:00', 'cancelled'),
    ('APP20230515001', 'doctor330214198805155012', 'patient330115200001144567', '2023-05-19', '10:00:00', '10:30:00', 'completed'),
    ('APP20230515002', 'doctor330215198910160123', 'patient330116199907155678', '2023-05-20', '09:00:00', '09:30:00', 'scheduled');

-- 插入病例数据
INSERT INTO cases (caseId, appointmentId, diagnosis, prescription, advice, visitDate)
VALUES
    ('CASE20230512001', 'APP20230502001', '急性上呼吸道感染', '阿莫西林胶囊 0.5g tid×7天', '多饮水，注意休息', '2023-05-12'),
    ('CASE20230515001', 'APP20230501001', '高血压', '硝苯地平控释片 30mg qd×30天', '低盐饮食，定期监测血压', '2023-05-10'),
    ('CASE20230515002', 'APP20230503001', '近视', '配镜：右眼-3.00D，左眼-2.75D', '避免长时间用眼，定期复查', '2023-05-14'),
    ('CASE20230512008', 'APP20230511001', '感冒', '扑尔敏 4mg tid×5天', '多休息，保持室内空气流通', '2023-05-11'),
    ('CASE20230513001', 'APP20230512001', '胃肠炎', '复方氯噻吨 1片 tid×5天', '避免油腻食物，保持清淡饮食', '2023-05-13'),
    ('CASE20230513002', 'APP20230513001', '高血糖', '二甲双胍 500mg qd×30天', '控制饮食，定期监测血糖', '2023-05-15'),
    ('CASE20230514001', 'APP20230514001', '过敏性鼻炎', '氯雷他定 10mg qd×7天', '避免接触过敏源，保持空气湿润', '2023-05-17'),
    ('CASE20230515007', 'APP20230515001', '脊椎病', '消炎痛 50mg bid×14天', '避免长时间久坐，适当锻炼', '2023-05-19');

-- 插入请假记录
INSERT INTO leaveRecord (leaveId, doctorId, startTime, endTime, status)
VALUES
    ('LEAVE20230501001', 'doctor330201198001016789', '2023-05-15T08:00:00', '2023-05-17T17:00:00', 'active'),
    ('LEAVE20230502001', 'doctor330203198203038901', '2023-05-20T08:00:00', '2023-05-22T17:00:00', 'cancelled'),
    ('LEAVE20230503001', 'doctor330205198405050123', '2023-06-01T08:00:00', '2023-06-05T17:00:00', 'active');

-- 插入话题数据
INSERT INTO topic (topicId, lastMessageTime)
VALUES
    ('TOPIC001', '2023-05-10T14:30:00'),
    ('TOPIC002', '2023-05-12T16:45:00'),
    ('TOPIC003', '2023-05-14T13:00:00'),
    ('TOPIC004', '2023-05-11T10:15:00'),
    ('TOPIC005', '2023-05-13T17:30:00'),
    ('TOPIC006', '2023-05-15T09:30:00'),
    ('TOPIC007', '2023-05-17T12:00:00'),
    ('TOPIC008', '2023-05-19T11:00:00');

-- 插入话题参与者
INSERT INTO topicParticipant (topicId, participantId)
VALUES
    ('TOPIC001', 'doctor330201198001016789'),
    ('TOPIC001', 'patient330102199001011234'),
    ('TOPIC002', 'doctor330203198203038901'),
    ('TOPIC002', 'patient330104198503033456'),
    ('TOPIC002', 'patient330106200005055678'),
    ('TOPIC003', 'doctor330205198405050123'),
    ('TOPIC003', 'patient330105199504044567'),
    ('TOPIC004', 'doctor330201198001016789'),
    ('TOPIC004', 'patient330108199201077890'),
    ('TOPIC005', 'doctor330201198001016789'),
    ('TOPIC005', 'patient330109199303088901'),
    ('TOPIC006', 'doctor330201198001016789'),
    ('TOPIC006', 'patient330111199803100123'),
    ('TOPIC007', 'doctor330212199302133890'),
    ('TOPIC007', 'patient330113200212122345'),
    ('TOPIC008', 'doctor330214198805155012'),
    ('TOPIC008', 'patient330115200001144567');

-- 插入消息数据
INSERT INTO message (messageId, topicId, senderId, senderName, content, sendTime)
VALUES
    -- TOPIC001
    ('MSG20230510001', 'TOPIC001', 'doctor330201198001016789', '孙医生', '您好，您的检查结果已出，请查看', '2023-05-10T10:00:00'),
    ('MSG20230510002', 'TOPIC001', 'patient330102199001011234', '张三', '谢谢孙医生，我看到了', '2023-05-10T10:15:00'),
    ('MSG20230510003', 'TOPIC001', 'doctor330201198001016789', '孙医生', '有任何不适请及时联系', '2023-05-10T14:30:00'),
    ('MSG20230510004', 'TOPIC001', 'patient330102199001011234', '张三', '好的，我会注意的，谢谢', '2023-05-10T14:45:00'),
    ('MSG20230510005', 'TOPIC001', 'doctor330201198001016789', '孙医生', '不客气，祝您早日康复', '2023-05-10T15:00:00'),

    -- TOPIC002
    ('MSG20230511001', 'TOPIC002', 'patient330104198503033456', '王五', '吴医生，孩子发烧38.5度怎么办？', '2023-05-11T09:30:00'),
    ('MSG20230511002', 'TOPIC002', 'doctor330203198203038901', '吴医生', '可以先用物理降温，如果持续不退烧请来医院', '2023-05-11T10:15:00'),
    ('MSG20230511003', 'TOPIC002', 'patient330104198503033456', '王五', '谢谢吴医生，我会继续观察的', '2023-05-11T10:30:00'),
    ('MSG20230511004', 'TOPIC002', 'doctor330203198203038901', '吴医生', '好的，如果情况加重再来医院看一下', '2023-05-11T10:45:00'),
    ('MSG20230511005', 'TOPIC002', 'patient330104198503033456', '王五', '好的，我会留意', '2023-05-11T11:00:00'),

    -- TOPIC003
    ('MSG20230512001', 'TOPIC003', 'patient330105199504044567', '赵六', '王医生，我最近眼睛干涩', '2023-05-12T15:00:00'),
    ('MSG20230512002', 'TOPIC003', 'doctor330205198405050123', '王医生', '可能是用眼过度，建议使用人工泪液', '2023-05-12T16:45:00'),
    ('MSG20230512003', 'TOPIC003', 'patient330105199504044567', '赵六', '谢谢医生，我会去药店购买的', '2023-05-12T17:00:00'),
    ('MSG20230512004', 'TOPIC003', 'doctor330205198405050123', '王医生', '如果症状没有改善，可以再来复诊', '2023-05-12T17:15:00'),
    ('MSG20230512005', 'TOPIC003', 'patient330105199504044567', '赵六', '好的，谢谢医生，我会注意的', '2023-05-12T17:30:00'),

    -- TOPIC004
    ('MSG20230513001', 'TOPIC004', 'patient330108199201077890', '李四', '孙医生，昨天体检时血压偏高，有点担心', '2023-05-13T08:30:00'),
    ('MSG20230513002', 'TOPIC004', 'doctor330201198001016789', '孙医生', '请继续监测血压，保持低盐饮食，定期复查', '2023-05-13T09:00:00'),
    ('MSG20230513003', 'TOPIC004', 'patient330108199201077890', '李四', '我会的，谢谢孙医生', '2023-05-13T09:15:00'),
    ('MSG20230513004', 'TOPIC004', 'doctor330201198001016789', '孙医生', '不客气，保持健康是最重要的', '2023-05-13T09:30:00'),
    ('MSG20230513005', 'TOPIC004', 'patient330108199201077890', '李四', '好的，我会保持健康的', '2023-05-13T09:45:00'),

    -- TOPIC005
    ('MSG20230514001', 'TOPIC005', 'patient330109199303088901', '王九', '吴医生，我最近胃口不好，总是觉得恶心', '2023-05-14T10:00:00'),
    ('MSG20230514002', 'TOPIC005', 'doctor330203198203038901', '吴医生', '可以服用一些助消化药物，饮食要清淡，避免油腻食物', '2023-05-14T10:30:00'),
    ('MSG20230514003', 'TOPIC005', 'patient330109199303088901', '王九', '谢谢吴医生，我会注意饮食的', '2023-05-14T10:45:00'),
    ('MSG20230514004', 'TOPIC005', 'doctor330203198203038901', '吴医生', '好的，有问题随时联系我', '2023-05-14T11:00:00'),
    ('MSG20230514005', 'TOPIC005', 'patient330109199303088901', '王九', '好的，谢谢吴医生', '2023-05-14T11:15:00'),

    -- TOPIC006
    ('MSG20230515001', 'TOPIC006', 'patient330111199803100123', '赵十', '李医生，我的血糖一直偏高，应该如何控制？', '2023-05-15T09:00:00'),
    ('MSG20230515002', 'TOPIC006', 'doctor330201198001016789', '李医生', '首先需要调整饮食，定期监测血糖，按时服用药物', '2023-05-15T09:30:00'),
    ('MSG20230515003', 'TOPIC006', 'patient330111199803100123', '赵十', '我会的，谢谢李医生', '2023-05-15T09:45:00'),
    ('MSG20230515004', 'TOPIC006', 'doctor330201198001016789', '李医生', '不客气，祝您早日恢复健康', '2023-05-15T10:00:00'),
    ('MSG20230515005', 'TOPIC006', 'patient330111199803100123', '赵十', '好的，谢谢李医生', '2023-05-15T10:15:00'),

    -- TOPIC007
    ('MSG20230516001', 'TOPIC007', 'patient330112198712111234', '陈十三', '张医生，我最近感觉呼吸有点急促，怎么办？', '2023-05-16T11:00:00'),
    ('MSG20230516002', 'TOPIC007', 'doctor330212199302133890', '张医生', '可能是由于过度疲劳，休息一段时间看看，必要时来医院复查', '2023-05-16T11:30:00'),
    ('MSG20230516003', 'TOPIC007', 'patient330112198712111234', '陈十三', '我会的，谢谢张医生', '2023-05-16T12:00:00'),
    ('MSG20230516004', 'TOPIC007', 'doctor330212199302133890', '张医生', '保持休息，不要太劳累', '2023-05-16T12:15:00'),
    ('MSG20230516005', 'TOPIC007', 'patient330112198712111234', '陈十三', '好的，我会注意的', '2023-05-16T12:30:00'),

    ('MSG20230517001', 'TOPIC008', 'patient330115200001144567', '王十二', '王医生，我的脊椎痛得厉害，该如何缓解？', '2023-05-17T10:30:00'),
    ('MSG20230517002', 'TOPIC008', 'doctor330214198805155012', '王医生', '可以服用止痛药，并且避免长时间坐着，适当活动', '2023-05-17T11:00:00');
