-- 插入患者数据
INSERT INTO patient (id, name, idCard, password, gender, phone, birthday, email, emergencyContact)
VALUES
    ('patient330102199001011234', '张三', '330102199001011234', 'pass123', 'male', '13800138000', '1990-01-01', 'zhangsan@example.com', '13900139000'),
    ('patient330103199102022345', '李四', '330103199102022345', 'pass456', 'female', '13900139000', '1991-02-02', 'lisi@example.com', '13700137000'),
    ('patient330104198503033456', '王五', '330104198503033456', 'pass789', 'male', '13700137000', '1985-03-03', 'wangwu@example.com', '13600136000'),
    ('patient330105199504044567', '赵六', '330105199504044567', 'pass012', 'female', '13600136000', '1995-04-04', 'zhaoliu@example.com', '13800138000'),
    ('patient330106200005055678', '钱七', '330106200005055678', 'pass345', 'male', '13500135000', '2000-05-05', 'qianqi@example.com', '13400134000');

-- 插入医生数据
INSERT INTO doctor (id, name, idCard, password, employeeId, department, profile, photo, startTime, endTime, registrationFee, dailyPatientLimit)
VALUES
    ('doctor330201198001016789', '孙医生', '330201198001016789', 'docpass1', 'EMP001', '内科', '资深内科专家，擅长心血管疾病', 'sun.jpg', '08:00:00', '12:00:00', 50.0, 20),
    ('doctor330202198102027890', '周医生', '330202198102027890', 'docpass2', 'EMP002', '外科', '外科手术专家，擅长微创手术', 'zhou.jpg', '13:00:00', '17:00:00', 60.0, 15),
    ('doctor330203198203038901', '吴医生', '330203198203038901', 'docpass3', 'EMP003', '儿科', '儿科主任，擅长儿童常见病', 'wu.jpg', '09:00:00', '16:00:00', 40.0, 25),
    ('doctor330204198304049012', '郑医生', '330204198304049012', 'docpass4', 'EMP004', '妇产科', '妇产科专家，擅长高危妊娠', 'zheng.jpg', '08:30:00', '17:30:00', 70.0, 10),
    ('doctor330205198405050123', '王医生', '330205198405050123', 'docpass5', 'EMP005', '眼科', '眼科主任，擅长白内障手术', 'wang.jpg', '10:00:00', '18:00:00', 55.0, 18);

-- 插入考勤数据
INSERT INTO attendance (attendanceId, doctorId, attendanceTime)
VALUES
    ('ATT20230501001', 'doctor330201198001016789', '2023-05-01T08:00:00'),
    ('ATT20230501002', 'doctor330202198102027890', '2023-05-01T13:05:00'),
    ('ATT20230502001', 'doctor330201198001016789', '2023-05-02T08:10:00'),
    ('ATT20230502002', 'doctor330203198203038901', '2023-05-02T09:00:00'),
    ('ATT20230503001', 'doctor330204198304049012', '2023-05-03T08:45:00');

-- 插入预约数据
INSERT INTO appointment (appointmentId, doctorId, patientId, date, startTime, endTime, status)
VALUES
    ('APP20230501001', 'doctor330201198001016789', 'patient330102199001011234', '2023-05-10', '09:00:00', '09:30:00', 'scheduled'),
    ('APP20230501002', 'doctor330202198102027890', 'patient330103199102022345', '2023-05-11', '14:00:00', '14:30:00', 'scheduled'),
    ('APP20230502001', 'doctor330203198203038901', 'patient330104198503033456', '2023-05-12', '10:00:00', '10:30:00', 'completed'),
    ('APP20230502002', 'doctor330204198304049012', 'patient330105199504044567', '2023-05-13', '09:30:00', '10:00:00', 'cancelled'),
    ('APP20230503001', 'doctor330205198405050123', 'patient330106200005055678', '2023-05-14', '11:00:00', '11:30:00', 'scheduled');

-- 插入病例数据
INSERT INTO cases (caseId, appointmentId, diagnosis, prescription, advice, visitDate)
VALUES
    ('CASE20230512001', 'APP20230502001', '急性上呼吸道感染', '阿莫西林胶囊 0.5g tid×7天', '多饮水，注意休息', '2023-05-12'),
    ('CASE20230515001', 'APP20230501001', '高血压', '硝苯地平控释片 30mg qd×30天', '低盐饮食，定期监测血压', '2023-05-10'),
    ('CASE20230515002', 'APP20230503001', '近视', '配镜：右眼-3.00D，左眼-2.75D', '避免长时间用眼，定期复查', '2023-05-14');

-- 插入请假记录
INSERT INTO leaveRecord (leaveId, doctorId, startTime, endTime, status)
VALUES
    ('LEAVE20230501001', 'doctor330201198001016789', '2023-05-15T08:00:00', '2023-05-17T17:00:00', 'active'),
    ('LEAVE20230502001', 'doctor330203198203038901', '2023-05-20T08:00:00', '2023-05-22T17:00:00', 'cancelled'),
    ('LEAVE20230503001', 'doctor330205198405050123', '2023-06-01T08:00:00', '2023-06-05T17:00:00', 'active');

-- 插入话题数据
INSERT INTO topic (topicId, lastMessageTime)
VALUES
    ('TOPIC001', '2023-05-10T14:30:00'),
    ('TOPIC002', '2023-05-11T10:15:00'),
    ('TOPIC003', '2023-05-12T16:45:00');

-- 插入话题参与者
INSERT INTO topicParticipant (topicId, participantId)
VALUES
    ('TOPIC001', 'doctor330201198001016789'),
    ('TOPIC001', 'patient330102199001011234'),
    ('TOPIC002', 'doctor330203198203038901'),
    ('TOPIC002', 'patient330104198503033456'),
    ('TOPIC002', 'patient330106200005055678'),
    ('TOPIC003', 'doctor330205198405050123'),
    ('TOPIC003', 'patient330105199504044567');

-- 插入消息数据
INSERT INTO message (messageId, topicId, senderId, senderName, content, sendTime)
VALUES
    ('MSG20230510001', 'TOPIC001', 'doctor330201198001016789', '孙医生', '您好，您的检查结果已出，请查看', '2023-05-10T10:00:00'),
    ('MSG20230510002', 'TOPIC001', 'patient330102199001011234', '张三', '谢谢孙医生，我看到了', '2023-05-10T10:15:00'),
    ('MSG20230510003', 'TOPIC001', 'doctor330201198001016789', '孙医生', '有任何不适请及时联系', '2023-05-10T14:30:00'),
    ('MSG20230511001', 'TOPIC002', 'patient330104198503033456', '王五', '吴医生，孩子发烧38.5度怎么办？', '2023-05-11T09:30:00'),
    ('MSG20230511002', 'TOPIC002', 'doctor330203198203038901', '吴医生', '可以先用物理降温，如果持续不退烧请来医院', '2023-05-11T10:15:00'),
    ('MSG20230512001', 'TOPIC003', 'patient330105199504044567', '赵六', '王医生，我最近眼睛干涩', '2023-05-12T15:00:00'),
    ('MSG20230512002', 'TOPIC003', 'doctor330205198405050123', '王医生', '可能是用眼过度，建议使用人工泪液', '2023-05-12T16:45:00');